,Class,Specs.Propulsion.Hyperspeed,Specs.Propulsion.Sublight Speed,Specs.Propulsion.Max Speed,Specs.Propulsion.Manoeuvrability,Specs.Dimensions.Weight,Specs.Dimensions.Volume,Specs.Dimensions.Length,Specs.Dimensions.Party Slot,Specs.Cargo.Weight Cap,Specs.Cargo.Volume Cap,Specs.Cargo.Max Passengers,Specs.Role,Specs.Weapons.Turbolasers,Specs.Weapons.Heavy Laser,Specs.Weapons.Proton Torpedo Launchers,Specs.Defenses.Hull,Specs.Defenses.Deflectors,Specs.Defenses.Ionic Capacity,Specs.Defenses.Armour,Specs.Electronics.Sensors,Specs.Electronics.ECM,Specs.Production.Raw Value,Specs.Production.Recommended Workers,Specs.Production.Recycling XP,Specs.Production.Production Mod,Specs.Affiliations,Specs.Class,Specs.Weapons.Ion Batteries,Specs.Weapons.Tractor Beams,Specs.Weapons,Specs.Production.Generic DC,Specs.Weapons.Ion Cannons,Specs.Production.CP Price,Specs.Weapons.Concussion Missile Launchers,Specs.Weapons.Quad Lasers
0,Acclamator-class Assault Ship,1,10 MGLT,100 km/h,2,"765,000 T","126,250,000 m³",752 m,12.00,"15,000 T","300,000 m³","1,670",['Assault'],48,24,4,"5,500","3,000","2,000",0,8,0,"5,420,290 CR",151,20 XP,400,['Rare'],Capital_Ships,,,,,,,,
1,Battle Dragon,3,20 MGLT,200 km/h,2,"746,280 T","14,600,000 m³",620 m,12.00,"2,200 T","25,000 m³","1,900",['Assault'],40,90,10,"5,000","8,000","2,400",0,15,0,"8,474,006 CR",124,20 XP,400,['Hapes Consortium'],Capital_Ships,6,1,,,,,,
2,C-3 Passenger Liner,6,40 MGLT,400 km/h,2,"150,000 T","4,000,000 m³",500 m,12.00,"2,000 T","5,000 m³","1,200",['Auxiliary'],,,,800,200,300,0,8,0,"5,359,572 CR",100,20 XP,550,"['Corellian Engineering Corporation', 'Rendili StarDrive']",Capital_Ships,,,[['None']],,,,,
3,Colossal-class Heavy Carrier,2,20 MGLT,200 km/h,2,"1,900,000 T","22,500,000 m³",862 m,12.00,"262,500 T","2,250,000 m³",750,['Auxiliary'],10,,,"3,750","1,200",750,0,6,0,"8,292,120 CR",173,20 XP,400,"['Koensayr Manufacturing', 'Hanabusa Holdings', 'Hoersch-Kessel Drive Inc.', 'Byblos Drive Yards', 'Endless Endeavors', 'Stryker Military Services', 'Dynamet Corp', 'Babel', 'DOM Arsenal', 'The Resistance', 'The Mindabaal League', 'TIEFE', 'Rebel Alliance', 'The Lethean Ecumene', 'Tresario Star Kingdom', 'Blue Star Dominion', 'Dukha Industrial', 'Crimson Dawn', 'Hapes Consortium']",Capital_Ships,,1,,4.5 Slots,,,,
4,Darkstar-class Battleship,1,20 MGLT,200 km/h,2,"530,000 T","11,400,000 m³","1,020 m",12.00,"125,000 T","250,000 m³","3,500",['Assault'],65,,8,"7,000","5,000","3,200",0,8,0,"5,552,118 CR",204,20 XP,400,['No affiliations'],Capital_Ships,25,8,,,,,,
5,Dreadnaught-class Heavy Cruiser,1,20 MGLT,200 km/h,2,"350,000 T","6,000,000 m³",600 m,12.00,"3,750 T","30,000 m³","1,400",['Assault'],10,90,,"3,800","3,000","1,875",0,8,0,"3,479,802 CR",120,20 XP,450,"['All Government factions', 'Rendili StarDrive']",Capital_Ships,,,,,,,,
6,Imperial I-class Star Destroyer,2,10 MGLT,100 km/h,2,"6,400,000 T","128,000,000 m³","1,600 m",12.00,"30,000 T","450,000 m³","3,800",['Assault'],80,,,"10,000","8,000","5,000",0,21,0,"17,156,668 CR",320,20 XP,475,['Galactic Empire'],Capital_Ships,60,10,,,,,,
7,Interdictor-class Heavy Cruiser,3,8 MGLT,80 km/h,2,"1,000,000 T","9,000,000 m³",600 m,12.00,"2,400 T","12,000 m³",280,['Escort'],,80,,"4,500","3,500","2,000",0,8,0,"30,491,691 CR",120,20 XP,475,['Galactic Empire'],Capital_Ships,,,,,,,,
8,Ithorian Herdship,1,20 MGLT,200 km/h,1,"5,000,000 T","100,000,000 m³","1,800 m",12.00,500 T,"10,000 m³","50,000",['Auxiliary'],,20,,"6,000","4,000","2,250",0,8,0,"17,597,799 CR",360,20 XP,475,['Rare'],Capital_Ships,,4,,,,,,
9,Kandosii-type Dreadnaught,3,20 MGLT,200 km/h,2,"1,500,000 T","18,500,000 m³","1,200 m",12.00,"18,000 T","200,000 m³","1,000",['Assault'],40,,30,"6,000","4,000","2,250",0,8,0,"12,613,739 CR",240,20 XP,500,"['The Resistance', 'Endless Initiative']",Capital_Ships,,2,,,,,,
10,Lictor-class Dungeon Ship,2,30 MGLT,300 km/h,2,"800,000 T","15,000,000 m³",764 m,12.00,"13,000 T","250,000 m³",300,['Auxiliary'],10,,,"3,000","2,000","1,450",0,1,0,"5,444,018 CR",153,20 XP,400,['Rendili StarDrive'],Capital_Ships,,,,,,,,
11,Lucrehulk-class Battleship,1,10 MGLT,100 km/h,1,"80,000,000 T","2,000,000,000 m³","3,170 m",12.00,"425,000 T","5,000,000 m³","1,000",['Assault'],,164,,"8,000","6,000","3,600",0,8,0,"31,067,782 CR",453,20 XP,350,['Trade Federation'],Capital_Ships,,20,,,,,,
12,M-class Luxury Liner,2,20 MGLT,200 km/h,1,"250,000 T","4,000,000 m³",500 m,12.00,"2,400 T","23,000 m³",800,['Auxiliary'],,,,"1,000",600,400,0,4,0,"3,319,618 CR",100,20 XP,550,"['Unnamed Manufacturing', 'The Resistance', 'The Mindabaal League', 'Centrepoint Space Station']",Capital_Ships,,,[['None']],3.5 Slots,,,,
13,MC-60 Star Cruiser,2,20 MGLT,200 km/h,2,"700,000 T","14,000,000 m³",800 m,12.00,"15,000 T","225,000 m³","1,600",['Assault'],38,,10,"5,000","4,000","2,500",0,8,0,"6,362,668 CR",160,20 XP,400,['Rebel Alliance'],Capital_Ships,20,6,,,,,,
14,MC-80a Star Cruiser,1,20 MGLT,200 km/h,2,"4,800,000 T","100,500,000 m³","1,200 m",12.00,"20,000 T","310,000 m³","2,850",['Assault'],45,,,"8,000","6,000","3,750",0,21,0,"9,963,161 CR",240,20 XP,475,['Rebel Alliance'],Capital_Ships,20,6,,,,,,
15,MC-80b Star Cruiser,3,20 MGLT,200 km/h,2,"4,350,000 T","97,000,000 m³","1,200 m",12.00,"7,000 T","100,000 m³","2,850",['Assault'],90,,,"8,000","6,000","3,750",0,21,0,"18,516,261 CR",240,20 XP,475,['Rebel Alliance'],Capital_Ships,40,10,,,,,,
16,Modular Taskforce Cruiser,2,20 MGLT,200 km/h,2,"2,200,000 T","30,000,000 m³","1,150 m",12.00,"325,000 T","3,000,000 m³","1,000",['Auxiliary'],15,,,"5,000","1,500","1,000",0,8,0,"8,962,568 CR",230,20 XP,400,['KorosTech'],Capital_Ships,,1,,,,,,
17,Prometheus-class Star Craft,2,35 MGLT,350 km/h,1,"1,234,000 T","9,300,000 m³",710 m,12.00,"4,500 T","21,000 m³","1,200",['Escort'],10,18,,"3,800","2,700","3,200",0,8,0,"9,334,012 CR",142,20 XP,400,['No affiliations'],Capital_Ships,,2,,,,,,
18,Pulsar Battle Cruiser,2,10 MGLT,100 km/h,2,"1,000,000 T","17,000,000 m³","1,300 m",12.00,"30,000 T","450,000 m³","4,000",['Assault'],100,20,10,"16,000","12,000","8,000",0,21,0,"11,732,589 CR",260,20 XP,475,['No affiliations'],Capital_Ships,40,15,,,,,,
19,Strike-class Medium Cruiser,3,55 MGLT,550 km/h,3,"35,000 T","850,000 m³",450 m,12.00,"3,500 T","20,000 m³","2,112",['Escort'],20,,,"1,600","1,500","2,500",0,8,0,"2,529,357 CR",90,20 XP,550,['No affiliations'],Capital_Ships,,10,,,10,,,
20,Subjugator-class Heavy Cruiser,2,20 MGLT,200 km/h,2,"759,861 T","148,303,553 m³","4,845 m",12.00,"250,000 T","1,250,000 m³","83,350",['Aggressive'],12,,10,"6,000","4,000","2,500",0,8,0,"84,598,417 CR",693,20 XP,350,['No affiliations'],Capital_Ships,2,2,,,,"390,000 CPs",,
21,Supremacy-class Attack Ship,3,20 MGLT,200 km/h,1,"8,000,000 T","140,000,000 m³","1,750 m",12.00,"28,000 T","450,000 m³","2,500",['Assault'],22,25,4,"2,000","1,950",850,0,6,0,"21,168,946 CR",350,20 XP,475,['Rare'],Capital_Ships,,2,,,,,,
22,Valor-class Cruiser,2,40 MGLT,400 km/h,2,"35,000 T","850,000 m³",500 m,12.00,"10,500 T","30,000 m³","2,000",['Assault'],30,,,"1,600","1,500","1,500",0,8,0,"4,400,191 CR",100,20 XP,550,['No affiliations'],Capital_Ships,,5,,,5,,,
23,Veltraa-class Cruiser,2,40 MGLT,400 km/h,2,"900,000 T","7,500,000 m³",600 m,12.00,"2,100 T","13,000 m³",800,['Escort'],20,6,,"4,000","3,000","2,500",0,6,0,"6,250,816 CR",120,20 XP,400,['No affiliations'],Capital_Ships,,3,,,,,,
24,Venator-class Star Destroyer,2,20 MGLT,200 km/h,2,"3,400,000 T","75,000,000 m³","1,337 m",12.00,"25,000 T","250,000 m³","2,500",['Assault'],60,,16,"8,000","6,500","3,500",85,21,0,"16,310,240 CR",268,20 XP,475,['No affiliations'],Capital_Ships,30,,,,,,,
25,Verpine-class Heavy Cruiser,2,30 MGLT,300 km/h,2,"2,000,000 T","19,000,000 m³",535 m,12.00,"20,000 T","50,000 m³",950,['Escort'],4,5,,"2,200","2,200","1,800",0,6,0,"6,298,970 CR",107,20 XP,400,['No affiliations'],Capital_Ships,,2,,,,,,
26,Victory I-class Star Destroyer,3,10 MGLT,100 km/h,2,"1,150,000 T","23,000,000 m³",900 m,12.00,"17,000 T","250,000 m³","1,600",['Assault'],120,,20,"5,600","4,400","2,800",0,8,0,"9,997,831 CR",180,20 XP,400,['Galactic Empire'],Capital_Ships,,10,,,,,,
27,Executor-class Star Destroyer,1,10 MGLT,100 km/h,1,"665,000,000 T","13,300,000,000 m³","12,800 m",12.00,"275,000 T","4,500,000 m³","38,000",['Assault'],250,250,250,"100,000","80,000","50,000",0,55,0,"120,860,292 CR",582,20 XP,1400,['Galactic Empire'],Super_Capitals,250,40,,,,,,
28,MC-80 Home One-class Star Cruiser,1,10 MGLT,100 km/h,1,"58,000,000 T","1,160,000,000 m³","3,800 m",12.00,"60,000 T","900,000 m³","9,000",['Assault'],120,20,20,"26,000","18,000","11,000",0,21,0,"33,032,100 CR",543,20 XP,350,['Rebel Alliance'],Super_Capitals,46,15,,,,,,
29,Ardent-class Fast Frigate,3,50 MGLT,500 km/h,2,"500,000 T","2,000,000 m³",500 m,12.00,"8,000 T","20,000 m³","1,000",['Escort'],13,5,,"3,000","1,000","1,000",0,8,0,"7,801,865 CR",100,20 XP,400,['No affiliations'],Frigates,,2,,,,,,
30,Arquitens-class Light Cruiser,3,30 MGLT,300 km/h,2,"90,000 T","1,200,000 m³",326 m,12.00,425 T,"3,850 m³",260,['Escort'],8,16,4,"2,100","2,500",900,0,8,0,"2,956,569 CR",66,20 XP,300,"['eXiles Corporation', 'Ternion Corps', 'Galactic Weapon Systems', 'Corliss & Co.', 'Hoersch-Kessel Drive Inc.', 'Babel', 'The Mindabaal League', 'The Invid Order', 'TIEFE', 'Merr-Sonn Technologies', 'The Lethean Ecumene', 'Muurian Interstellar', 'KorosTech', 'Centrepoint Space Station', 'Galactic Empire']",Frigates,,,,3.5 Slots,,,,
31,Belarus-class Medium Carrier,3,30 MGLT,300 km/h,3,"40,000 T","750,000 m³",400 m,12.00,"1,500 T","12,500 m³","1,200",['Escort'],8,,,"1,800","1,800",600,0,8,0,"2,346,484 CR",80,20 XP,200,['Rare'],Frigates,,4,,,,,,
32,Belarus-class Medium Cruiser,3,20 MGLT,200 km/h,3,"40,000 T","750,000 m³",400 m,12.00,800 T,"8,500 m³","1,200",['Assault'],25,,,"2,500","2,500","1,000",0,6,0,"2,607,404 CR",80,20 XP,200,['Rare'],Frigates,5,5,,,,,,
33,C-9979 Landing Craft,2,20 MGLT,200 km/h,2,"60,000 T","1,400,000 m³",370 m,12.00,"6,000 T","30,000 m³",250,['Auxiliary'],,8,,"1,600",200,"1,000",0,1,0,"1,803,702 CR",74,20 XP,200,['Trade Federation'],Frigates,,,,,,,,
34,Carrack/I-class Light Cruiser,4,20 MGLT,200 km/h,3,"136,500 T","2,500,000 m³",350 m,12.00,"2,250 T","50,000 m³",800,['Escort'],10,,,"2,250","1,750","1,100",0,8,0,"4,303,088 CR",70,20 XP,300,['Galactic Empire'],Frigates,,5,,,20,,,
35,Carrack/S-class Light Cruiser,4,20 MGLT,200 km/h,3,"136,500 T","2,500,000 m³",350 m,12.00,"2,250 T","50,000 m³",800,['Escort'],10,20,,"2,250","1,750","1,100",0,8,0,"4,308,288 CR",70,20 XP,300,['Galactic Empire'],Frigates,,5,,,,,,
36,Corona-class Frigate,3,30 MGLT,300 km/h,3,"285,000 T","5,000,000 m³",275 m,12.00,"11,000 T","170,000 m³",918,['Escort'],10,10,,"3,750","3,000","1,600",0,8,0,"5,099,847 CR",55,20 XP,300,['All Government factions'],Frigates,,1,,,4,,,
37,Crusader XX-777 Prototype Droid Frigate,5,55 MGLT,550 km/h,5,"1,377 T","9,744 m³",120 m,6.00,300 T,"1,200 m³",30,['Escort'],2,,,"1,200",804,800,0,6,0,"1,254,411 CR",24,20 XP,190,['No affiliations'],Frigates,,,,,2,"90,000 CPs",2,
38,EF65 Meridian-class Frigate,4,40 MGLT,400 km/h,2,"300,000 T","7,500,000 m³",450 m,12.00,"25,000 T","200,000 m³",400,['Escort'],12,24,,"3,000","2,500","1,200",0,6,0,"6,552,713 CR",90,20 XP,400,['Rare'],Frigates,,,,,,,,
39,EF76 Nebulon-B Escort Frigate,2,20 MGLT,200 km/h,2,"260,000 T","5,250,000 m³",600 m,12.00,"11,000 T","170,000 m³",500,['Escort'],12,8,,"3,500","3,000","1,700",0,8,0,"3,841,652 CR",120,20 XP,450,['All Government factions'],Frigates,,4,,,,,,
40,EF76 Nebulon-B Medical Frigate,2,20 MGLT,200 km/h,2,"260,000 T","5,250,000 m³",600 m,12.00,"6,000 T","10,000 m³",500,['Auxiliary'],,4,,"3,500","3,000","1,700",0,8,0,"4,191,872 CR",120,20 XP,450,"['All Medical factions', 'Athakam MedTech', 'Alpha Medical Corporation', 'Jabiim Consortium', 'Voracity Aesculapian', 'Uukaablian MedCorp', 'Binring Biomedical']",Frigates,,,,,,,,
41,Guardian-class Medium Cruiser,3,20 MGLT,200 km/h,3,"150,000 T","3,000,000 m³",380 m,12.00,800 T,"15,000 m³",800,['Assault'],20,,4,"2,600","2,000","1,250",0,8,0,"3,772,192 CR",76,20 XP,200,['Rare'],Frigates,8,4,,,,,,
42,Hammerhead-class Cruiser,2,30 MGLT,300 km/h,3,"90,000 T","1,000,000 m³",315 m,12.00,"4,000 T","10,000 m³",400,['Escort'],8,6,,"2,300","2,300",700,0,6,0,"2,518,610 CR",63,20 XP,300,"['eXiles Corporation', 'Cantrell Conglomerate', 'The Resistance', 'The Mindabaal League', 'TIEFE', 'Shadola United', 'Galactic Empire']",Frigates,,,,3.5 Slots,,,,
43,Kaloth-class Battlecruiser,2,20 MGLT,200 km/h,3,"190,000 T","2,600,000 m³",307 m,12.00,"1,000 T","10,000 m³","1,392",['Assault'],29,15,,"3,000","2,600","1,500",50,8,0,"3,554,285 CR",62,20 XP,300,"['Falleen Federation', 'Tresario Star Kingdom']",Frigates,,2,,,,,,
44,Lancer-class Frigate,1,10 MGLT,100 km/h,3,"42,000 T","841,000 m³",250 m,12.00,"1,000 T","25,000 m³",550,['Screen'],,80,,"1,000","1,250",800,0,8,0,"1,279,358 CR",50,20 XP,190,['Galactic Empire'],Frigates,,,,,,,,
45,Namana-class Light Cruiser,3,30 MGLT,300 km/h,2,"80,000 T","1,000,000 m³",400 m,12.00,"3,500 T","17,000 m³","1,200",['Escort'],10,20,,"2,000","1,000",700,0,8,0,"3,036,881 CR",80,20 XP,200,['Rare'],Frigates,,2,,,,,,
46,Neutron Star-class Bulk Cruiser,2,10 MGLT,100 km/h,2,"325,000 T","6,500,000 m³",600 m,12.00,"1,000 T","17,000 m³","1,000",['Screen'],,30,,"4,000","3,500","2,000",0,8,0,"4,352,061 CR",120,20 XP,400,"['Rebel Alliance', 'Rendili StarDrive', 'Incom Corporation']",Frigates,,2,,,,,,
47,Nova-class Battlecruiser,4,30 MGLT,300 km/h,2,"170,000 T","4,050,000 m³",400 m,12.00,900 T,"16,000 m³","2,850",['Escort'],25,10,,"2,600","2,000","1,250",0,8,0,"5,179,332 CR",80,20 XP,200,['Hapes Consortium'],Frigates,10,,,,,,,
48,Pelta-class Frigate,3,30 MGLT,300 km/h,3,"130,000 T","2,500,000 m³",282 m,10.00,800 T,"15,000 m³",450,['Escort'],5,20,,"1,800","1,100","1,000",0,8,0,"4,323,915 CR",57,20 XP,300,['No affiliations'],Frigates,,1,,,,,,
49,Quasar Fire-class Bulk Cruiser,3,50 MGLT,500 km/h,2,"145,000 T","2,890,000 m³",340 m,12.00,"1,200 T","600,000 m³",250,['Auxiliary'],2,,,"1,350",850,700,0,8,0,"3,316,319 CR",68,20 XP,190,['Incom Corporation'],Frigates,,2,,,,,,
50,Sabaoth Destroyer,3,30 MGLT,300 km/h,3,"186,500 T","2,500,000 m³",275 m,12.00,"1,700 T","20,000 m³","2,000",['Escort'],28,,2,"3,500","3,600","2,100",0,8,0,"4,850,608 CR",55,20 XP,300,['The Wraiths'],Frigates,,2,,,,,,
51,Star Galleon-class Frigate,2,10 MGLT,100 km/h,3,"60,010 T","1,250,000 m³",300 m,12.00,"60,000 T","90,000 m³","1,000",['Escort'],10,,,"1,875","1,500",950,0,1,0,"2,042,768 CR",60,20 XP,190,['Galactic Empire'],Frigates,,1,,,,,,
52,Tartan-class Patrol Cruiser,2,50 MGLT,500 km/h,3,"220,000 T","5,000,000 m³",600 m,12.00,"1,600 T","12,000 m³",327,['Screen'],,20,,"3,000","3,000","1,200",0,12,0,"3,847,569 CR",120,20 XP,450,['Rare'],Frigates,,,,,,,,
53,Ton-Falk-class Escort Carrier,3,40 MGLT,400 km/h,2,"40,000 T","5,000,000 m³",500 m,12.00,"2,000 T","35,000 m³",50,['Auxiliary'],,10,,"2,000","1,500","1,000",0,8,0,"2,140,147 CR",100,20 XP,150,['Galactic Empire'],Frigates,,,,,,,,
54,Adz-class Patrol Destroyer,3,60 MGLT,600 km/h,2,"20,000 T","220,000 m³",150 m,10.00,400 T,"3,000 m³",120,['Screen'],,12,,900,"1,200",700,65,8,0,"1,430,857 CR",30,20 XP,190,['No affiliations'],Corvettes,,,,,3,,,
55,Bayonet-class Light Cruiser,4,20 MGLT,200 km/h,3,"40,000 T","750,000 m³",200 m,10.00,"3,500 T","8,500 m³",200,['Escort'],8,6,,"1,300",800,550,65,8,0,"2,307,773 CR",40,20 XP,190,['Rare'],Corvettes,,2,,,,,,
56,Braha'tok-class Gunship,2,55 MGLT,550 km/h,3,"10,000 T","215,000 m³",165 m,8.00,"3,300 T","2,800 m³",273,['Escort'],6,4,,"1,000","1,100",450,70,8,0,"1,073,636 CR",33,20 XP,190,['Rare'],Corvettes,,,,,,,,
57,Consular-class Cruiser,3,55 MGLT,550 km/h,3,950 T,"4,500 m³",115 m,8.00,"1,000 T","1,550 m³",33,['Auxiliary'],4,,,400,600,220,50,1,0,"350,346 CR",23,20 XP,75,"['Galactic Weapon Systems', 'Muurian Interstellar', 'Tresario Star Kingdom']",Corvettes,,,,2.0 Slots,,,2,
58,CR-70 Corvette,3,60 MGLT,600 km/h,2,"12,500 T","250,000 m³",150 m,6.00,"1,000 T",500 m³,180,['Auxiliary'],,,,"1,000","1,000",500,45,10,0,"1,325,976 CR",30,20 XP,190,['Rare'],Corvettes,,,[['None']],,,,,
59,CR-90 Assassin-class Corvette,2,60 MGLT,600 km/h,3,"13,500 T","275,000 m³",153 m,8.00,"2,500 T","15,000 m³",155,['Escort'],4,4,,"1,000",800,500,60,8,0,"1,099,134 CR",31,20 XP,190,['Corellian Engineering Corporation'],Corvettes,,2,,,,,,
60,CR-90 Corvette,2,60 MGLT,600 km/h,2,"12,500 T","250,000 m³",150 m,8.00,"1,000 T",500 m³,160,['Escort'],6,,,"1,000",800,500,60,8,0,"1,083,985 CR",30,20 XP,190,"['Corellian Engineering Corporation', 'KorosTech']",Corvettes,,,,,,,,
61,CR-92 Battle Corvette,5,75 MGLT,750 km/h,4,"13,200 T","255,000 m³",155 m,10.00,300 T,90 m³,30,['Assault'],10,10,,"1,750","1,700","1,000",75,12,2,"9,018,380 CR",31,20 XP,300,['Rare'],Corvettes,,,,,,,,
62,Crusader-class Corvette,4,60 MGLT,600 km/h,3,"15,000 T","128,000 m³",200 m,8.00,"2,000 T","5,000 m³",80,['Screen'],,13,,"1,000",400,400,60,12,0,"1,809,553 CR",40,20 XP,190,['No affiliations'],Corvettes,,,,,,,,
63,Defender-class Light Corvette,5,60 MGLT,600 km/h,3,"25,000 T","110,000 m³",110 m,6.00,"2,500 T","6,000 m³",55,['Auxiliary'],,4,,400,900,800,55,8,0,"2,368,156 CR",22,20 XP,120,['No affiliations'],Corvettes,,,,,,,,
64,Discril-class Attack Cruiser,2,40 MGLT,400 km/h,4,"10,000 T","100,000 m³",85 m,8.00,800 T,"2,000 m³",60,['Screen'],,8,,600,300,200,55,8,0,"967,563 CR",17,20 XP,120,['No affiliations'],Corvettes,,,,,4,,,
65,DP-20a Gunship,2,50 MGLT,500 km/h,2,"8,500 T","170,000 m³",119 m,8.00,600 T,300 m³,91,['Screen'],,20,,460,300,300,60,8,0,"777,620 CR",24,20 XP,125,['Corellian Engineering Corporation'],Corvettes,,,,,,,,
66,DP-20b Gunship,2,50 MGLT,500 km/h,2,"14,000 T","170,000 m³",119 m,8.00,450 T,100 m³,75,['Strike'],8,6,,460,300,300,60,8,0,"916,310 CR",24,20 XP,150,['Rare'],Corvettes,,,,,,,4,
67,DP-20c Gunship,2,50 MGLT,500 km/h,2,"14,000 T","170,000 m³",119 m,10.00,375 T,75 m³,70,['Strike'],16,24,,440,335,280,70,8,0,"965,791 CR",24,20 XP,150,['Corellian Engineering Corporation'],Corvettes,,,,,,,8,
68,Fairwind-class Gunship,3,30 MGLT,300 km/h,2,"132,500 T","2,000,000 m³",300 m,8.00,620 T,"2,250 m³",300,['Escort'],6,,4,"2,500","3,500","2,000",50,6,0,"3,651,133 CR",60,20 XP,300,['Rare'],Corvettes,,2,,,,,,
69,Foray-class Blockade Runner,2,55 MGLT,550 km/h,2,"14,000 T","250,000 m³",155 m,8.00,500 T,"3,500 m³",350,['Strike'],4,6,,850,750,300,55,6,0,"1,065,234 CR",31,20 XP,190,['No affiliations'],Corvettes,,,,,,,,
70,Fury-class Imperial Interceptor,5,70 MGLT,700 km/h,4,"2,094 T","20,139 m³",100 m,6.00,800 T,"1,500 m³",15,['Strike'],,4,,600,698,660,55,6,0,"1,122,712 CR",20,20 XP,120,['No affiliations'],Corvettes,,,,,,"80,000 CPs",2,
71,Gozanti-class Cruiser,3,40 MGLT,400 km/h,4,300 T,"2,600 m³",64 m,6.00,75 T,500 m³,25,['Screen'],,4,1,400,425,250,55,4,0,"278,619 CR",13,20 XP,75,['Rare'],Corvettes,,,,,,,,2
72,IPV-1 System Patrol Craft,0,60 MGLT,600 km/h,3,"11,850 T","300,000 m³",150 m,8.00,300 T,200 m³,30,['Strike'],4,,,375,650,400,55,9,0,"467,793 CR",30,20 XP,125,"['eXiles Corporation', 'TIEFE']",Corvettes,,,,3.0 Slots,,,1,
73,KR-4B Luxury Star Cruiser,2,40 MGLT,400 km/h,4,"8,000 T","180,000 m³",122 m,8.00,500 T,"4,200 m³",100,['Auxiliary'],,4,2,500,"1,030",170,45,2,0,"771,244 CR",25,20 XP,125,['No affiliations'],Corvettes,,,,,,,,
74,Marauder-class Corvette,1,30 MGLT,300 km/h,3,"18,000 T","475,000 m³",195 m,8.00,400 T,"6,000 m³",200,['Escort'],8,,,"1,000",900,700,65,8,0,"954,076 CR",39,20 XP,190,"['Galactic Bank', 'Kuat Drive Yards']",Corvettes,,3,,,,,,
75,MC-30b Corvette,3,40 MGLT,400 km/h,3,"12,000 T","300,000 m³",140 m,10.00,"1,200 T","6,000 m³",225,['Escort'],10,,,"1,100",800,500,65,6,0,"1,515,848 CR",28,20 XP,190,"['Blue Star Dominion', 'The Exchange']",Corvettes,,,,,,,,
76,PB-950 Patrol Boat,3,30 MGLT,300 km/h,2,"10,000 T","215,000 m³",37 m,6.00,"2,400 T","4,200 m³",13,['Screen'],,4,,850,750,440,70,6,0,"1,275,881 CR",8,20 XP,135,['No affiliations'],Corvettes,,,,,1,,1,
77,Raider-class Missile Corvette,3,50 MGLT,500 km/h,3,"12,000 T","120,000 m³",96 m,10.00,"1,000 T","10,000 m³",34,['Screen'],,,,750,600,300,60,6,0,"1,221,866 CR",20,20 XP,120,"['Cantrell Conglomerate', 'Mecrosa', 'Endless Endeavors', 'Chir’dorna', 'Dynamet Corp', 'Tion Mil/Sci Industries', 'Galentro Heavy Works', 'Muurian Interstellar', 'Skyglow Engineering', 'Confederacy of Independent Systems', 'The Exchange', 'The Resistance', 'The Mindabaal League', 'TIEFE', 'Zann Consortium', 'The Faerytail Family', '-ARK-', 'Rebel Alliance', 'Blue Star Dominion', 'KorosTech', 'Galactic Empire']",Corvettes,,3,,3.0 Slots,,,6,
78,Shieldship,1,30 MGLT,300 km/h,1,"1,000,000 T","9,000,000 m³",500 m,6.00,20 T,120 m³,5,['Auxiliary'],,,,"5,000","2,000","5,000",75,1,0,"4,601,455 CR",100,20 XP,400,['No affiliations'],Corvettes,,,[['None']],,,,,
79,Sphyrna-class Corvette,4,40 MGLT,400 km/h,3,"40,000 T","65,000 m³",188 m,6.00,"2,500 T","8,000 m³",200,['Auxiliary'],,4,,"1,200","1,100",500,60,3,0,"2,848,144 CR",38,20 XP,300,['No affiliations'],Corvettes,,,,,,,,
80,YV-666 Light Freighter,4,40 MGLT,400 km/h,3,"13,000 T","265,000 m³",220 m,6.00,"1,400 T","62,000 m³",25,['Auxiliary'],,4,1,"1,350","1,000",650,50,1,0,"1,421,245 CR",44,20 XP,190,"['Loronar Corporation', 'Kuat Drive Yards']",Corvettes,,,,,,,,
81,AA-9 Coruscant Freighter,2,20 MGLT,200 km/h,3,"75,010 T","200,000 m³",115 m,6.00,"75,000 T","80,000 m³",300,['Auxiliary'],,,,570,400,290,40,1,0,"1,529,629 CR",23,20 XP,120,['Corellian Engineering Corporation'],Heavy_Freighters,,1,,,,,,
82,Action VI Transport,5,50 MGLT,500 km/h,4,"20,010 T","60,000 m³",100 m,3.00,"20,000 T","50,000 m³",25,['Auxiliary'],,,,380,275,135,30,1,0,"1,587,670 CR",20,20 XP,120,['Corellian Engineering Corporation'],Heavy_Freighters,,1,,,,,1,1
83,BFF-1 Bulk Freighter,4,20 MGLT,200 km/h,3,"100,010 T","255,000 m³",121 m,6.00,"100,000 T","135,000 m³",100,['Auxiliary'],,,,800,600,350,35,1,0,"2,944,975 CR",25,20 XP,190,"['Galactic Bank', 'Incom Corporation']",Heavy_Freighters,,1,,,,,,
84,Brayl-class Bulk Freighter,3,30 MGLT,300 km/h,3,"85,000 T","110,000 m³",100 m,6.00,"75,000 T","100,000 m³",78,['Auxiliary'],,,,700,500,425,35,1,0,"2,100,697 CR",20,20 XP,120,"['Galactic Bank', 'Corellian Engineering Corporation', 'The Mindabaal League', 'Loronar Corporation', 'FreiTek Inc.', 'Incom Corporation', 'KorosTech', 'Kuat Drive Yards', 'MandalMotors', 'Rendili StarDrive', 'Tenloss Syndicate', 'Tion Mil/Sci Industries', 'Hoersch-Kessel Drive Inc.', 'Centrepoint Space Station']",Heavy_Freighters,,1,,2.0 Slots,,,,
85,Class VI Bulk Freighter,3,20 MGLT,200 km/h,3,"45,010 T","75,000 m³",180 m,3.00,"45,000 T","20,000 m³",6,['Auxiliary'],,1,,300,300,110,40,1,0,"735,423 CR",36,20 XP,125,['Rare'],Heavy_Freighters,,,,,,,,
86,CR-20 Troop Carrier,3,70 MGLT,700 km/h,4,900 T,"4,300 m³",60 m,4.00,42 T,70 m³,61,['Auxiliary'],2,,,350,350,155,45,3,0,"391,126 CR",12,20 XP,75,['Rare'],Heavy_Freighters,,,,,,,,
87,CSS-1 Corellian Star Shuttle,3,40 MGLT,400 km/h,3,"1,300 T","3,600 m³",80 m,4.00,540 T,"2,550 m³",210,['Auxiliary'],,,,580,240,200,35,2,0,"468,004 CR",16,20 XP,100,"['Byblos Drive Yards', 'Mecrosa', 'Mando`ade']",Heavy_Freighters,,,[['None']],2.0 Slots,,,,
88,Empress-class Super Freighter,2,20 MGLT,200 km/h,3,"51,000 T","70,000 m³",110 m,4.00,"50,000 T","67,500 m³",13,['Auxiliary'],,,,400,300,150,45,2,0,"1,208,553 CR",22,20 XP,100,['No affiliations'],Heavy_Freighters,,,[['None']],,,,,
89,Goji-DF Turtle Tanker,3,50 MGLT,500 km/h,3,"50,000 T","32,000 m³",38 m,2.00,"33,333 T","30,000 m³",15,['Auxiliary'],,,,300,200,125,30,2,0,"1,701,281 CR",8,20 XP,135,"['The Resistance', 'Endless Initiative']",Heavy_Freighters,,,[['None']],,,,,
90,GR-75 Medium Transport,4,20 MGLT,200 km/h,3,"70,010 T","150,000 m³",90 m,6.00,"70,000 T","97,500 m³","1,000",['Auxiliary'],,8,,600,450,280,35,1,0,"2,586,074 CR",18,20 XP,120,"['Endless Endeavors', 'The Industrial Confederacy', 'Eclipse Defense Systems', 'Galentro Heavy Works', 'Corliss & Co.', 'Slice of the Hutt`s Emporium', 'Stryker Military Services', 'The Mindabaal League', 'TIEFE', 'Rebel Alliance', 'Outland Mining Corporation', 'Jabiim Consortium', 'Galactic Empire']",Heavy_Freighters,,1,,2.5 Slots,,,,
91,GRZ-6B Wrecker,4,60 MGLT,600 km/h,5,32 T,625 m³,25 m,1.00,5 T,30 m³,3,['Auxiliary'],,,,80,60,30,30,1,0,"97,097 CR",6,20 XP,100,"['All Mining factions', 'Endara Mining Corporation', 'XXX MINERS', 'MandalMining', 'Czerka Mining and Industrial', 'Phoenix Salvage', 'D`Este Realty', 'Maelstrom Industrial Salvage', 'Imperial Mining Corporation', 'The Pentastar Alignment', 'Kerdos Company', 'Choruk Metalworks', 'InterGalactic Banking Clan', 'Trilon Mining', 'Hydra Deconstruction', 'Kolohe Mining Group MK2', 'BlueFire Mining', 'Sanctuary Prime', 'Stellar Sphere', 'Outer Rim Exploratory Mining Corps', 'Port Nowhere', 'Black Hawk Mining']",Heavy_Freighters,,,[['None']],,,,,
92,Hardcell-class Transport,4,40 MGLT,400 km/h,2,"100,000 T","1,000,000 m³",220 m,12.00,"200,000 T","400,000 m³","1,207",['Auxiliary'],3,,,"1,600","1,250",980,50,1,0,"2,996,158 CR",44,20 XP,190,['Rare'],Heavy_Freighters,,,,,,,1,2
93,HCT-2001 Dragonboat-class Freighter,4,30 MGLT,300 km/h,4,"1,400 T","3,500 m³",95 m,4.00,500 T,"2,200 m³",15,['Auxiliary'],,,,600,300,250,30,3,0,"330,255 CR",19,20 XP,75,['No affiliations'],Heavy_Freighters,,,,,,,,1
94,Ithullan Ore Hauler,2,40 MGLT,400 km/h,2,"215,979 T","660,626 m³","1,000 m",9.00,"150,000 T","200,000 m³",125,['Civilian'],2,2,,"3,500","1,498","1,000",45,2,0,"3,964,268 CR",200,20 XP,550,['No affiliations'],Heavy_Freighters,,1,,,,"190,000 CPs",,
95,KRS-1 Ore Hauler,3,40 MGLT,400 km/h,3,"125,000 T","285,000 m³",125 m,6.00,"85,000 T","100,000 m³",75,['Auxiliary'],,,,550,350,250,40,1,0,"2,790,960 CR",25,20 XP,190,"['Galentro Heavy Works', 'Koensayr Manufacturing', 'Unnamed Manufacturing', 'Triumvirate Coalition', '-ARK-', 'Tresario Star Kingdom', 'Scrapper Guild']",Heavy_Freighters,,,[['None']],2.5 Slots,,,,
96,Mammoth-class Heavy Hauler,1,20 MGLT,200 km/h,1,"8,000,000 T","140,000,000 m³","1,800 m",12.00,"1,000,000 T","18,500,000 m³","2,500",['Auxiliary'],,,,"5,000","4,000","2,250",60,10,0,"10,141,129 CR",360,20 XP,400,['Corellian Engineering Corporation'],Heavy_Freighters,,,[['None']],,,,,
97,Mobquet Medium Transport,2,50 MGLT,500 km/h,3,"70,010 T","150,000 m³",113 m,6.00,"70,000 T","90,000 m³",80,['Auxiliary'],,1,,775,500,300,35,1,0,"1,541,157 CR",23,20 XP,120,['Rare'],Heavy_Freighters,,1,,,,,1,
98,Modular Conveyor,1,40 MGLT,400 km/h,3,"80,010 T","200,000 m³",127 m,6.00,"80,000 T","120,000 m³",60,['Auxiliary'],,6,,"1,000",735,470,40,1,0,"1,122,090 CR",26,20 XP,150,"['Loronar Corporation', 'eXiles Corporation', 'Mecrosa', 'The Resistance', 'TIEFE', 'Mando`ade', 'Knights of the Fountain', 'Scrapper Guild', 'KorosTech', 'Galactic Empire']",Heavy_Freighters,,1,,3.0 Slots,,,,
99,Space Master Medium Transport,3,40 MGLT,400 km/h,3,"21,500 T","28,000 m³",80 m,2.00,"19,000 T","28,000 m³",42,['Auxiliary'],,8,,450,250,250,35,1,0,"1,142,754 CR",16,20 XP,120,['No affiliations'],Heavy_Freighters,,,,,,,,
100,Spacecrawler,2,50 MGLT,500 km/h,3,"1,305 T","16,984 m³",65 m,3.00,900 T,"9,900 m³",500,['Auxiliary'],,,,780,680,400,25,2,0,"719,175 CR",13,20 XP,100,['No affiliations'],Heavy_Freighters,,1,,,2,,,
101,Theta-class AT-AT Barge,0,20 MGLT,200 km/h,3,"4,280 T","30,000 m³",50 m,4.00,"3,550 T","20,000 m³",111,['Auxiliary'],,4,,450,400,160,40,1,0,"181,887 CR",10,20 XP,75,['Galactic Empire'],Heavy_Freighters,,,,,,,,
102,W-23 Star Hauler,3,40 MGLT,400 km/h,3,"21,300 T","42,600 m³",80 m,2.00,"15,000 T","12,000 m³",2,['Auxiliary'],,,,550,400,320,40,1,0,"1,176,234 CR",16,20 XP,120,['Kuat Drive Yards'],Heavy_Freighters,,,[['None']],,,,,
103,Xanadu-class Superyacht,4,40 MGLT,400 km/h,3,"90,000 T","230,000 m³",140 m,6.00,"10,000 T","5,000 m³",75,['Auxiliary'],,,,650,400,200,35,4,0,"3,011,358 CR",28,20 XP,190,['No affiliations'],Heavy_Freighters,,4,,,,,,
104,Xiytiar-class Transport,4,40 MGLT,400 km/h,4,"23,300 T","93,000 m³",165 m,4.00,"5,000 T","20,000 m³",22,['Auxiliary'],,4,,"1,200",650,616,40,1,0,"1,335,686 CR",33,20 XP,190,['The Mindabaal League'],Heavy_Freighters,,,,,,,,
105,Y-8 Mining Vessel,2,30 MGLT,300 km/h,3,"45,000 T","70,000 m³",80 m,6.00,"30,000 T","55,000 m³",11,['Auxiliary'],,4,,400,450,200,40,1,0,"1,153,744 CR",16,20 XP,100,"['All Mining factions', 'Endara Mining Corporation', 'XXX MINERS', 'MandalMining', 'Czerka Mining and Industrial', 'Phoenix Salvage', 'D`Este Realty', 'Maelstrom Industrial Salvage', 'Imperial Mining Corporation', 'The Pentastar Alignment', 'Kerdos Company', 'Choruk Metalworks', 'InterGalactic Banking Clan', 'Trilon Mining', 'Hydra Deconstruction', 'Kolohe Mining Group MK2', 'BlueFire Mining', 'Sanctuary Prime', 'Stellar Sphere', 'Outer Rim Exploratory Mining Corps', 'Port Nowhere', 'Black Hawk Mining']",Heavy_Freighters,,2,,,,,,
106,578-R Space Transport,3,50 MGLT,500 km/h,3,220 T,"2,500 m³",32 m,3.00,40 T,80 m³,13,['Auxiliary'],,1,,130,90,50,30,2,0,"155,329 CR",7,20 XP,100,['No affiliations'],Light_Freighters,,,,,,,,
107,Atlas-class Troop Transport Shuttle,5,50 MGLT,500 km/h,5,90 T,"2,939 m³",30 m,4.00,13 T,29 m³,40,['Auxiliary'],,2,,160,190,70,40,1,0,"152,249 CR",6,20 XP,100,['Hapes Consortium'],Light_Freighters,,,,,1,,,
108,ATR-6 Assault Transport,6,65 MGLT,650 km/h,4,600 T,"2,000 m³",45 m,4.00,20 T,120 m³,55,['Strike'],4,,2,300,350,160,40,8,0,"475,750 CR",9,20 XP,135,['KorosTech'],Light_Freighters,,,,,2,,,
109,Barloz-class Freighter,4,50 MGLT,500 km/h,4,600 T,"5,740 m³",41 m,4.00,120 T,150 m³,6,['Auxiliary'],,1,,200,120,90,30,1,0,"296,469 CR",9,20 XP,135,['Loronar Corporation'],Light_Freighters,,,,,,,,
110,Baudo-class Star Yacht,3,50 MGLT,500 km/h,3,220 T,"2,500 m³",32 m,4.00,35 T,100 m³,9,['Auxiliary'],,1,,160,110,80,30,1,0,"174,808 CR",7,20 XP,100,['Rare'],Light_Freighters,,,,,,,,
111,BR-23 Courier,3,30 MGLT,300 km/h,4,78 T,650 m³,21 m,3.00,40 T,90 m³,42,['Auxiliary'],,2,,180,190,60,30,1,0,"133,608 CR",6,20 XP,150,"['Eclipse Defense Systems', 'The Resistance', 'Outland Mining Corporation', 'Galactic Empire', 'TIEFE']",Light_Freighters,,,,2.0 Slots,,,,
112,Class 720 Freighter,5,75 MGLT,750 km/h,4,550 T,"5,500 m³",38 m,4.00,135 T,150 m³,13,['Auxiliary'],,2,,160,100,90,30,4,0,"220,906 CR",8,20 XP,100,['No affiliations'],Light_Freighters,,,,,,,,
113,Crescent-X9,5,60 MGLT,600 km/h,5,150 T,500 m³,25 m,4.00,20 T,40 m³,6,['Strike'],,4,2,150,300,50,35,2,0,"216,575 CR",6,20 XP,100,['No affiliations'],Light_Freighters,,,,,,,2,
114,Decadence-Class Pleasure Yacht ,4,60 MGLT,600 km/h,4,550 T,"2,700 m³",35 m,4.00,30 T,22 m³,14,['Auxiliary'],,,,180,90,50,30,2,0,"301,123 CR",7,20 XP,135,['No affiliations'],Light_Freighters,,,[['None']],,,,,
115,Delta-class JV-7 Escort Shuttle,5,73 MGLT,730 km/h,5,100 T,"2,500 m³",30 m,4.00,18 T,25 m³,18,['Strike'],1,3,,120,140,60,35,1,0,"161,552 CR",6,20 XP,100,"['The Natural Mystics', 'Cantrell Conglomerate', 'The Exchange', 'The Resistance', 'TIEFE', 'Rebel Alliance', 'The Invid Order', 'Knights of the Fountain', 'The Ashla Covenant', 'Galactic Empire']",Light_Freighters,,,,2.0 Slots,,,2,
116,DX-9 Dropship,3,30 MGLT,300 km/h,5,32 T,625 m³,20 m,4.00,5 T,30 m³,33,['Strike'],,8,2,150,135,60,40,1,0,"83,921 CR",6,20 XP,150,['KorosTech'],Light_Freighters,,,,,4,,,
117,Dynamic-class Freighter,4,80 MGLT,800 km/h,4,485 T,"4,600 m³",27 m,3.00,60 T,80 m³,8,['Auxiliary'],,2,,120,80,60,30,4,0,"288,568 CR",6,20 XP,100,['Rare'],Light_Freighters,,,,,,,,
118,Eta-class Shuttle,4,45 MGLT,450 km/h,6,90 T,720 m³,14 m,3.00,100 T,120 m³,13,['Auxiliary'],,3,,45,70,25,30,3,0,"115,145 CR",6,20 XP,150,['Rare'],Light_Freighters,,,,,,,,
119,G-type Light Shuttle,3,90 MGLT,900 km/h,3,200 T,"1,500 m³",23 m,3.00,10 T,30 m³,4,['Auxiliary'],,2,,100,85,60,35,4,0,"200,588 CR",6,20 XP,150,['No affiliations'],Light_Freighters,,,,,,,,
120,Gamma Assault Shuttle,1,50 MGLT,500 km/h,5,400 T,"3,000 m³",30 m,4.00,5 T,90 m³,45,['Strike'],,4,,200,250,75,35,8,0,"235,393 CR",6,20 XP,135,['Galactic Empire'],Light_Freighters,,1,,,,,1,
121,H-2 Executive Shuttle,5,30 MGLT,300 km/h,3,240 T,"1,200 m³",15 m,3.00,15 T,35 m³,6,['Auxiliary'],,,,90,90,50,30,2,0,"230,302 CR",6,20 XP,150,['No affiliations'],Light_Freighters,,,[['None']],,,,,
122,H-type Yacht,3,30 MGLT,300 km/h,4,150 T,"2,000 m³",48 m,4.00,6 T,25 m³,8,['Auxiliary'],,,,100,70,30,30,1,0,"136,435 CR",10,20 XP,100,['No affiliations'],Light_Freighters,,,[['None']],2.0 Slots,,,,
123,Herald-class Shuttle,3,35 MGLT,350 km/h,4,350 T,725 m³,28 m,3.00,70 T,120 m³,13,['Auxiliary'],2,4,,75,50,30,35,3,0,"92,894 CR",6,20 XP,100,['No affiliations'],Light_Freighters,,,,,,,,
124,Horizon-class Star Yacht,6,55 MGLT,550 km/h,4,420 T,"3,620 m³",55 m,4.00,100 T,280 m³,9,['Auxiliary'],,2,,140,75,110,30,9,0,"367,677 CR",11,20 XP,75,['No affiliations'],Light_Freighters,,1,,,,,,
125,HT-2200 Medium Freighter,4,55 MGLT,550 km/h,4,"1,344 T","4,352 m³",55 m,3.00,800 T,900 m³,10,['Auxiliary'],,2,,280,140,30,30,2,0,"421,690 CR",11,20 XP,75,['No affiliations'],Light_Freighters,,,,,,"60,000 CPs",,
126,HWK-290 Light Freighter,6,80 MGLT,800 km/h,8,530 T,"1,200 m³",29 m,3.00,75 T,10 m³,8,['Auxiliary'],,1,1,200,200,55,35,5,0,"413,069 CR",6,20 XP,135,['Rare'],Light_Freighters,,,,,,,,
127,Infiltrator-class Star Courier,7,80 MGLT,800 km/h,7,220 T,"1,000 m³",27 m,4.00,3 T,5 m³,7,['Strike'],,6,,180,150,100,40,8,10,"1,240,415 CR",6,20 XP,135,['No affiliations'],Light_Freighters,,,,,2,,,
128,J-type 322 Starship,3,30 MGLT,300 km/h,3,200 T,"2,300 m³",39 m,4.00,10 T,35 m³,15,['Auxiliary'],,,,175,125,70,30,1,0,"174,575 CR",8,20 XP,100,['Byblos Drive Yards'],Light_Freighters,,,[['None']],2.0 Slots,,,,
129,J-type 327 Starship,3,40 MGLT,400 km/h,4,600 T,"3,150 m³",76 m,4.00,40 T,190 m³,18,['Auxiliary'],,,,250,200,112,30,1,0,"269,779 CR",16,20 XP,75,['Byblos Drive Yards'],Light_Freighters,,,[['None']],2.0 Slots,,,,
130,Kom'rk-class Transport,3,40 MGLT,400 km/h,6,425 T,"1,800 m³",52 m,4.00,10 T,30 m³,25,['Auxiliary'],,4,,130,110,60,40,2,0,"197,303 CR",11,20 XP,75,['No affiliations'],Light_Freighters,,,,,,,,
131,Lambda-class T-4a Shuttle,6,50 MGLT,500 km/h,6,75 T,"1,500 m³",20 m,4.00,80 T,90 m³,26,['Strike'],,8,,90,125,50,45,1,0,"143,265 CR",6,20 XP,150,['Galactic Empire'],Light_Freighters,,,,,,,,
132,Lethisk-class Armed Freighter,4,50 MGLT,500 km/h,4,600 T,"4,200 m³",34 m,4.00,60 T,140 m³,13,['Strike'],,2,,200,250,200,40,4,0,"418,785 CR",7,20 XP,135,['No affiliations'],Light_Freighters,,,,,,,1,
133,Ministry-class Orbital Shuttle,0,75 MGLT,750 km/h,5,100 T,"1,200 m³",20 m,3.00,25 T,120 m³,38,['Auxiliary'],,2,,100,200,150,30,6,0,"204,620 CR",6,20 XP,150,['No affiliations'],Light_Freighters,,,,,,,,
134,Minstrel-class Space Yacht,2,50 MGLT,500 km/h,3,"47,200 T","4,100 m³",160 m,4.00,90 T,360 m³,112,['Auxiliary'],,6,,"1,000",500,500,45,1,0,"1,462,735 CR",32,20 XP,190,['The Mindabaal League'],Light_Freighters,,1,,,6,,,
135,Muurian Transport,4,60 MGLT,600 km/h,4,975 T,"9,000 m³",30 m,4.00,20 T,55 m³,15,['Strike'],,7,2,275,200,123,35,1,0,"393,403 CR",6,20 XP,135,"['Incom Corporation', 'Muurian Interstellar', 'Merr-Sonn Technologies']",Light_Freighters,,,,2.0 Slots,,,,
136,Naboo Star Skiff,4,50 MGLT,500 km/h,4,440 T,"1,700 m³",29 m,4.00,450 T,12 m³,6,['Auxiliary'],,2,,120,95,240,30,1,0,"249,781 CR",6,20 XP,100,['Rare'],Light_Freighters,,,,,,,,
137,Nu-class Attack Shuttle,6,85 MGLT,850 km/h,5,260 T,"2,300 m³",19 m,4.00,6 T,50 m³,32,['Strike'],,6,,190,130,80,40,3,0,"263,259 CR",6,20 XP,150,['Rare'],Light_Freighters,,,,,,,,
138,Personal Luxury Yacht 3000,5,50 MGLT,500 km/h,5,500 T,"3,250 m³",50 m,4.00,100 T,160 m³,13,['Auxiliary'],,1,,150,80,100,30,8,0,"355,352 CR",10,20 XP,75,"['FreiTek Inc.', 'Incom Corporation']",Light_Freighters,,,,,,,,
139,Personal Luxury Yacht 5000,3,50 MGLT,500 km/h,2,"1,200 T","6,000 m³",65 m,4.00,170 T,800 m³,18,['Auxiliary'],,2,,500,200,100,30,1,0,"409,418 CR",13,20 XP,100,['Rare'],Light_Freighters,,,,,,,,
140,Rainhawk Transport,3,50 MGLT,500 km/h,4,450 T,"1,480 m³",20 m,3.00,15 T,18 m³,7,['Auxiliary'],,2,,155,112,60,30,2,0,"249,450 CR",6,20 XP,150,['No affiliations'],Light_Freighters,,,,,,,,
141,Rho-class Shuttle,5,60 MGLT,600 km/h,4,400 T,"3,800 m³",32 m,4.00,2 T,20 m³,13,['Auxiliary'],,6,,190,130,70,35,3,0,"303,387 CR",7,20 XP,135,['Rare'],Light_Freighters,,,,,,,,
142,RZ-68 Troop Transport,4,60 MGLT,600 km/h,4,40 T,760 m³,32 m,4.00,7 T,15 m³,25,['Auxiliary'],,1,,110,95,40,35,1,0,"114,454 CR",7,20 XP,100,['No affiliations'],Light_Freighters,,,,,,,,
143,Sentinel-class Landing Craft,6,71 MGLT,710 km/h,4,80 T,"1,150 m³",38 m,4.00,180 T,210 m³,80,['Strike'],,10,,225,180,130,45,1,0,"162,020 CR",8,20 XP,100,['Galactic Empire'],Light_Freighters,,,,,1,,2,
144,Sheathipede-class Transport Shuttle,6,40 MGLT,400 km/h,6,82 T,"1,650 m³",20 m,3.00,150 T,180 m³,14,['Auxiliary'],,3,,70,60,30,30,5,0,"160,260 CR",6,20 XP,150,['Trade Federation'],Light_Freighters,,1,,,,,,
145,Simiyiar-class Light Freighter,5,65 MGLT,650 km/h,4,420 T,"3,200 m³",26 m,4.00,150 T,900 m³,8,['Auxiliary'],,2,,120,165,85,35,6,0,"305,201 CR",6,20 XP,100,"['Sweetbriar Engineering', 'The Resistance', 'The Mindabaal League', 'Galactic Empire']",Light_Freighters,,,,2.0 Slots,1,,,
146,Spacelane Diner,0,60 MGLT,600 km/h,4,690 T,"7,000 m³",90 m,4.00,12 T,75 m³,34,['None'],,,,150,100,40,30,4,0,"166,742 CR",18,20 XP,75,"['Slice of the Hutt`s Emporium', 'Unnamed Manufacturing']",Light_Freighters,,,[['None']],2.0 Slots,,,,
147,Sprint-class Rescue Craft,5,120 MGLT,"1,200 km/h",4,300 T,"3,100 m³",30 m,4.00,20 T,50 m³,48,['Auxiliary'],,,,200,50,50,30,2,0,"309,679 CR",6,20 XP,135,"['All Medical factions', 'Athakam MedTech', 'Alpha Medical Corporation', 'Jabiim Consortium', 'Voracity Aesculapian', 'Uukaablian MedCorp', 'Binring Biomedical']",Light_Freighters,,,[['None']],,,,,
148,Starlight-class Light Freighter,4,60 MGLT,600 km/h,5,550 T,"2,880 m³",34 m,4.00,50 T,60 m³,5,['Auxiliary'],,1,,325,325,125,35,5,0,"347,483 CR",7,20 XP,135,['Rare'],Light_Freighters,,,,,,,,
149,Starrunner-class Starship,5,60 MGLT,600 km/h,5,410 T,"2,500 m³",31 m,4.00,20 T,24 m³,7,['Auxiliary'],,2,,170,80,80,40,4,0,"334,796 CR",7,20 XP,135,['No affiliations'],Light_Freighters,,,,,1,,,
150,StarSpeeder 3000,8,50 MGLT,500 km/h,6,45 T,825 m³,20 m,3.00,5 T,45 m³,42,['Auxiliary'],,2,,60,30,15,30,1,0,"132,558 CR",6,20 XP,150,['Rare'],Light_Freighters,,,,,,,,
151,Starwind-class Pleasure Yacht ,5,50 MGLT,500 km/h,3,650 T,"2,600 m³",50 m,4.00,20 T,80 m³,15,['Auxiliary'],,,,330,170,160,35,1,0,"382,644 CR",10,20 XP,75,['Kuat Drive Yards'],Light_Freighters,,,,,,,,2
152,T-6 Shuttle,5,60 MGLT,600 km/h,4,330 T,"1,600 m³",23 m,3.00,5 T,10 m³,3,['Auxiliary'],,,,98,95,50,30,1,0,"192,811 CR",6,20 XP,150,['No affiliations'],Light_Freighters,,,,,,,2,
153,Theta-class T-2c Shuttle,4,40 MGLT,400 km/h,5,67 T,"1,375 m³",19 m,3.00,50 T,20 m³,21,['Strike'],,1,,105,130,50,40,1,0,"103,687 CR",6,20 XP,150,['Rare'],Light_Freighters,,,,,,,,2
154,VCX-100 Light Freighter,6,65 MGLT,650 km/h,6,790 T,"6,950 m³",44 m,4.00,21 T,210 m³,10,['Auxiliary'],,4,,160,120,80,35,1,0,"437,180 CR",9,20 XP,135,['No affiliations'],Light_Freighters,,,,,,,,
155,Wayfarer-class Medium Transport,4,40 MGLT,400 km/h,3,"4,500 T","3,500 m³",82 m,4.00,220 T,"1,000 m³",16,['Auxiliary'],,1,,280,140,30,30,4,0,"693,454 CR",17,20 XP,75,['No affiliations'],Light_Freighters,,,,,,,,1
156,XS-800 Light Freighter,3,30 MGLT,300 km/h,4,"1,025 T","3,200 m³",30 m,3.00,115 T,357 m³,10,['Auxiliary'],,2,,200,100,40,30,4,0,"291,019 CR",6,20 XP,135,['No affiliations'],Light_Freighters,,,,,,,,
157,YG-4210,4,30 MGLT,300 km/h,5,300 T,"2,112 m³",24 m,3.00,10 T,30 m³,14,['Auxiliary'],,2,,150,100,67,35,1,0,"206,092 CR",6,20 XP,150,['Incom Corporation'],Light_Freighters,,,,,,,,
158,YT-1210,6,55 MGLT,550 km/h,6,530 T,"5,480 m³",28 m,4.00,100 T,500 m³,6,['Auxiliary'],,1,,120,100,65,40,8,0,"387,377 CR",6,20 XP,135,['Rare'],Light_Freighters,,,,,,,,
159,YT-1300,6,60 MGLT,600 km/h,6,400 T,"3,780 m³",34 m,4.00,100 T,211 m³,17,['Auxiliary'],,,2,170,135,85,45,1,0,"318,552 CR",7,20 XP,135,['Incom Corporation'],Light_Freighters,,,,,,,,2
160,YT-1760,7,75 MGLT,750 km/h,5,350 T,"3,500 m³",27 m,3.00,10 T,30 m³,10,['Auxiliary'],,2,,160,0,50,40,1,0,"307,300 CR",6,20 XP,100,['Rare'],Light_Freighters,,,,,,,,
161,YT-2000,7,60 MGLT,600 km/h,6,500 T,"4,060 m³",29 m,4.00,115 T,360 m³,11,['Auxiliary'],,1,,200,150,95,40,1,0,"387,356 CR",6,20 XP,135,['MandalMotors'],Light_Freighters,,,,,1,,,1
162,YT-2400,6,60 MGLT,600 km/h,6,185 T,"1,050 m³",21 m,4.00,150 T,467 m³,9,['Auxiliary'],,,,135,105,65,50,1,0,"242,615 CR",6,20 XP,150,['Kuat Drive Yards'],Light_Freighters,,,,,,,1,2
163,YT-510,7,100 MGLT,"1,000 km/h",5,300 T,"3,159 m³",30 m,4.00,2 T,5 m³,3,['Auxiliary'],,,,120,100,54,30,8,0,"338,983 CR",6,20 XP,100,['Kuat Drive Yards'],Light_Freighters,,,[['None']],,,,,
164,YV-929,4,30 MGLT,300 km/h,3,600 T,"3,000 m³",70 m,4.00,15 T,40 m³,10,['Strike'],,2,,150,80,70,40,6,0,"346,714 CR",14,20 XP,75,['No affiliations'],Light_Freighters,,,,,2,,3,
165,Zeta-class Long-Range Shuttle,2,50 MGLT,500 km/h,5,550 T,"1,225 m³",35 m,3.00,25 T,480 m³,26,['Auxiliary'],,5,,200,200,65,30,4,0,"212,933 CR",7,20 XP,100,"['KorosTech', 'Corellian Engineering Corporation', 'Incom Corporation', 'Rogue Squadron']",Light_Freighters,,,,2.0 Slots,,,,
166,Aggressor Assault Fighter,4,60 MGLT,600 km/h,5,265 T,"5,250 m³",35 m,2.00,20 T,120 m³,8,['Strike'],,2,,220,175,110,35,1,0,"226,745 CR",7,20 XP,135,['MandalMotors'],Gunboats,,1,,,1,,,
167,Auzituck Anti-Slaver Gunship,4,70 MGLT,700 km/h,5,521 T,"2,013 m³",15 m,3.00,140 T,30 m³,10,['Strike'],,3,,240,159,90,40,2,0,"339,939 CR",6,20 XP,150,['No affiliations'],Gunboats,,,,,,"35,000 CPs",,
168,D5-Mantis Patrol Craft,5,40 MGLT,400 km/h,4,460 T,"2,000 m³",74 m,3.00,25 T,50 m³,5,['Strike'],,6,,240,175,60,40,3,0,"352,176 CR",15,20 XP,75,['No affiliations'],Gunboats,,,,,1,,,
169,Firespray-class Interceptor,5,40 MGLT,400 km/h,5,105 T,"2,100 m³",21 m,3.00,20 T,40 m³,6,['Bomber'],,2,4,130,100,65,40,1,0,"173,013 CR",6,20 XP,150,['Kuat Drive Yards'],Gunboats,,1,,,1,,,
170,Flarestar-class Attack Shuttle,3,40 MGLT,400 km/h,5,60 T,400 m³,25 m,2.00,10 T,40 m³,4,['Strike'],,2,1,250,60,150,35,2,0,"231,038 CR",6,20 XP,135,['No affiliations'],Gunboats,,,,,,,,
171,GAT-12h Skipray Blastboat,4,60 MGLT,600 km/h,5,140 T,"1,300 m³",25 m,2.00,6 T,12 m³,3,['Strike'],,2,1,120,50,30,40,1,0,"157,696 CR",6,20 XP,100,"['Ailon Nova Guard', 'Unnamed Manufacturing', 'The Resistance', 'The Mindabaal League', 'The Invid Order', 'TIEFE', 'The Faerytail Family', 'The Ashla Covenant', 'Rebel Alliance', 'Blue Sabre Federation', 'The Lethean Ecumene', 'Blue Star Dominion', 'KorosTech', 'Galactic Empire']",Gunboats,,,,2.0 Slots,3,,1,
172,JumpMaster 5000,4,60 MGLT,600 km/h,4,50 T,900 m³,16 m,3.00,15 T,100 m³,5,['Strike'],,5,2,100,80,50,35,1,0,"117,624 CR",6,20 XP,150,['Galactic Bank'],Gunboats,,,,,,,,
173,Pelagia Duplex Command Assault Gunship,3,87 MGLT,870 km/h,5,300 T,"5,200 m³",30 m,2.00,30 T,140 m³,11,['Strike'],,4,,250,180,90,35,3,0,"226,164 CR",6,20 XP,135,['No affiliations'],Gunboats,,,,,,,,
174,Pursuer-class Enforcement Ship,6,90 MGLT,900 km/h,4,550 T,"2,880 m³",30 m,3.00,25 T,480 m³,5,['Strike'],,2,,300,150,100,35,1,0,"386,872 CR",6,20 XP,135,"['MandalMotors', 'Kuat Drive Yards', 'The Mindabaal League']",Gunboats,,,,,1,,,
175,S40K Phoenix Hawk-class Light Pinnace,4,75 MGLT,750 km/h,4,105 T,"2,100 m³",20 m,3.00,10 T,20 m³,6,['Strike'],,2,,240,160,95,40,4,0,"208,176 CR",6,20 XP,150,"['The Mindabaal League', 'Shadola United', 'Rebel Alliance']",Gunboats,,,,2.0 Slots,2,,,
176,Scurrg H-6 Bomber,3,40 MGLT,400 km/h,4,45 T,900 m³,22 m,2.00,5 T,20 m³,5,['Bomber'],,6,,55,20,10,40,1,0,"85,073 CR",6,20 XP,150,['No affiliations'],Gunboats,,,,,,,1,
177,ST-70 “Razor Crest” Assault Ship,5,75 MGLT,750 km/h,5,300 T,"4,000 m³",25 m,3.00,40 T,30 m³,5,['Auxiliary'],,2,,200,80,100,35,4,0,0 CR,6,20 XP,100,['No affiliations'],Gunboats,,,,,,,,
178,Tri-Mark VII Interceptor,4,55 MGLT,550 km/h,6,135 T,"2,300 m³",20 m,3.00,95 T,215 m³,27,['Superiority'],,6,,255,175,80,35,6,0,"242,223 CR",6,20 XP,150,['No affiliations'],Gunboats,,,,,,,1,
179,UT-60D U-Wing Support Craft,5,85 MGLT,850 km/h,5,250 T,"1,500 m³",24 m,2.00,30 T,80 m³,9,['Strike'],,4,,250,190,150,40,3,0,"353,635 CR",6,20 XP,150,"['Jawa Outer Colonies', 'Jawa Offworld Enterprises']",Gunboats,,,,,2,,,
180,A-24 Sleuth,4,70 MGLT,700 km/h,5,50 T,500 m³,14 m,1.00,2 T,3 m³,2,['Superiority'],,2,,50,30,25,20,4,0,"112,584 CR",6,20 XP,150,['Rare'],Fighters,,,,,,,,
181,A/SF-01 B-wing Starfighter,5,40 MGLT,400 km/h,4,70 T,500 m³,15 m,1.00,20 kg,1 m³,1,['Bomber'],,3,2,150,80,50,30,1,0,"153,749 CR",6,20 XP,150,['Rebel Alliance'],Fighters,,,,,3,,,
182,Alpha-3 Nimbus-class V-wing Starfighter,0,90 MGLT,900 km/h,7,19 T,185 m³,8 m,1.00,400 kg,0.6 m³,1,['Superiority'],,4,,40,15,20,25,1,0,"40,574 CR",6,20 XP,150,['Rare'],Fighters,,,,,,,,
183,Alpha-class Xg-1 Star Wing,5,40 MGLT,400 km/h,5,25 T,200 m³,6 m,1.00,75 kg,0.3 m³,1,['Strike'],,2,2,100,100,65,35,1,0,"105,391 CR",6,20 XP,150,['Galactic Empire'],Fighters,,,,,2,,,
184,ARC-170 Aggressive Recon Fighter,4,65 MGLT,650 km/h,6,38 T,700 m³,15 m,1.00,500 kg,1 m³,3,['Strike'],,4,2,50,30,20,25,5,0,"125,292 CR",6,20 XP,150,['Rare'],Fighters,,,,,,,,
185,Aurek-class Tactical Strikefighter,4,100 MGLT,"1,000 km/h",4,26 T,300 m³,9 m,1.00,20 kg,1 m³,1,['Superiority'],,2,,30,10,10,20,1,0,"66,561 CR",6,20 XP,150,"['Hanabusa Holdings', 'The Mindabaal League', 'TIEFE']",Fighters,,,,1.5 Slots,,,,
186,Belbullab-22 Starfighter,4,70 MGLT,700 km/h,7,160 T,285 m³,11 m,1.00,300 kg,0.4 m³,1,['Superiority'],,2,,60,30,55,20,1,0,"137,798 CR",6,20 XP,150,['Rare'],Fighters,,,,,,,,
187,BTL-A4 Y-wing Longprobe,5,60 MGLT,600 km/h,4,50 T,600 m³,16 m,1.00,90 kg,3 m³,1,['Auxiliary'],,,,70,30,25,30,8,0,"156,888 CR",6,20 XP,150,['Rare'],Fighters,,,[['None']],,,,,
188,BTL-S3 Y-wing Starfighter,5,50 MGLT,500 km/h,4,50 T,600 m³,16 m,1.00,90 kg,3 m³,2,['Bomber'],,2,2,120,40,25,30,1,0,"127,430 CR",6,20 XP,150,"['Galactic Bank', 'Rebel Alliance']",Fighters,,,,,2,,,
189,C-wing Ugly,3,65 MGLT,650 km/h,4,70 T,500 m³,17 m,1.00,220 kg,2 m³,4,['Strike'],,1,1,50,50,10,18,1,0,"89,931 CR",6,20 XP,150,"['All Mining factions', 'Endara Mining Corporation', 'XXX MINERS', 'MandalMining', 'Czerka Mining and Industrial', 'Phoenix Salvage', 'D`Este Realty', 'Maelstrom Industrial Salvage', 'Imperial Mining Corporation', 'The Pentastar Alignment', 'Kerdos Company', 'Choruk Metalworks', 'InterGalactic Banking Clan', 'Trilon Mining', 'Hydra Deconstruction', 'Kolohe Mining Group MK2', 'BlueFire Mining', 'Sanctuary Prime', 'Stellar Sphere', 'Outer Rim Exploratory Mining Corps', 'Port Nowhere', 'Black Hawk Mining']",Fighters,,,,,1,,,
190,Chir'daki-class Starfighter,3,60 MGLT,600 km/h,7,15 T,210 m³,7 m,1.00,30 kg,1 m³,1,['Superiority'],,4,,40,20,10,20,1,0,"53,923 CR",6,20 XP,150,['Rare'],Fighters,,,,,,,,
191,Cloakshape Fighter,0,60 MGLT,600 km/h,6,13 T,250 m³,15 m,1.00,40 kg,0.5 m³,1,['Superiority'],,2,,28,0,18,18,1,0,"31,989 CR",6,20 XP,150,['Kuat Drive Yards'],Fighters,,,,,,,2,
192,Cloakshape/H Fighter,2,60 MGLT,600 km/h,6,13 T,250 m³,15 m,1.00,120 kg,0.38 m³,1,['Superiority'],,2,,20,0,15,18,1,0,"36,889 CR",6,20 XP,150,"['The Mindabaal League', 'Kuat Drive Yards']",Fighters,,,,,,,,
193,Delta-12 Skysprite-class Starfighter,5,40 MGLT,400 km/h,6,68 T,380 m³,8 m,1.00,40 kg,1 m³,2,['Auxiliary'],,,,45,20,20,20,2,0,"109,233 CR",6,20 XP,150,['Rare'],Fighters,,,[['None']],,,,,
194,Delta-7 Aethersprite-class Interceptor,5,40 MGLT,400 km/h,6,70 T,400 m³,8 m,1.00,20 kg,0.03 m³,1,['Superiority'],,2,,45,20,20,20,1,3,"424,989 CR",6,20 XP,150,['Rare'],Fighters,,,,,,,,
195,Droid Tri-Fighter,0,90 MGLT,900 km/h,8,18 T,290 m³,5 m,1.00,250 kg,0.5 m³,1,['Superiority'],,4,,25,0,10,25,1,0,"34,622 CR",6,20 XP,150,['Rare'],Fighters,,,,,,,1,
196,Einstar APOSTRO-9,2,130 MGLT,"1,300 km/h",7,20 T,175 m³,5 m,1.00,100 T,0.5 m³,2,['Auxiliary'],,,,35,10,10,20,1,0,"53,501 CR",6,20 XP,150,['No affiliations'],Fighters,,,[['None']],,,,,
197,Eta-2 Actis-class Light Interceptor,4,125 MGLT,"1,250 km/h",5,12 T,300 m³,6 m,1.00,65 kg,0.55 m³,1,['Superiority'],,2,,35,0,8,20,2,0,"62,223 CR",6,20 XP,150,['Rare'],Fighters,,,,,2,,,
198,Eta-5 Interceptor,4,120 MGLT,"1,200 km/h",6,15 T,250 m³,6 m,1.00,60 kg,0.6 m³,1,['Superiority'],,2,,40,10,10,20,2,0,"69,868 CR",6,20 XP,150,['No affiliations'],Fighters,,,,,,,1,
199,Fang-class Starfighter,6,85 MGLT,850 km/h,7,51 T,557 m³,6 m,1.00,75 kg,0.03 m³,1,['Strike'],,2,1,85,30,15,25,2,0,"135,728 CR",6,20 XP,150,['No affiliations'],Fighters,,,,,,"18,000 CPs",,
200,G-1A Starfighter,6,60 MGLT,600 km/h,6,145 T,"1,125 m³",15 m,1.00,200 kg,2 m³,2,['Superiority'],,2,,95,75,50,25,1,0,"180,255 CR",6,20 XP,150,"['FreiTek Inc.', 'Loronar Corporation', 'Byblos Drive Yards', 'Endless Endeavors', 'Unnamed Manufacturing', 'Triumvirate Coalition', 'TIEFE', 'Rebel Alliance']",Fighters,,,,2.0 Slots,,,,
201,G-400 Starfighter,3,65 MGLT,650 km/h,6,40 T,800 m³,12 m,1.00,20 kg,1 m³,1,['Superiority'],,1,,40,10,15,25,2,0,"70,334 CR",6,20 XP,150,['No affiliations'],Fighters,,,,,,,,
202,Ginivex-class Starfighter,6,65 MGLT,650 km/h,6,25 T,240 m³,9 m,1.00,90 kg,0.75 m³,2,['Superiority'],,2,,40,120,80,20,2,0,"94,888 CR",6,20 XP,150,['Rare'],Fighters,,,,,,,,
203,Hetrinar Assault Bomber,0,40 MGLT,400 km/h,4,48 T,800 m³,18 m,1.00,60 kg,0.4 m³,2,['Bomber'],,2,3,120,100,80,30,1,0,"78,820 CR",6,20 XP,150,['Hapes Consortium'],Fighters,,,,,,,,
204,HH-87 Starhopper,2,35 MGLT,350 km/h,6,36 T,440 m³,7 m,1.00,2 T,4 m³,1,['Superiority'],,2,,55,0,35,25,3,0,"75,769 CR",6,20 XP,150,['No affiliations'],Fighters,,,,,,,,
205,I-BEAM Starfighter,0,50 MGLT,500 km/h,6,70 T,500 m³,11 m,1.00,4 T,10 m³,1,['Superiority'],,3,,50,35,30,20,4,0,"89,206 CR",6,20 XP,150,"['Byblos Drive Yards', 'Muurian Interstellar', 'Confederacy of Independent Systems', 'The Resistance', 'TIEFE', 'Knights of the Fountain']",Fighters,,,,1.5 Slots,,,,
206,IRD Starfighter,0,85 MGLT,850 km/h,6,20 T,200 m³,8 m,1.00,20 kg,1 m³,2,['Superiority'],,2,,35,15,8,20,2,0,"40,119 CR",6,20 XP,150,['No affiliations'],Fighters,,,,,,,,
207,Liberator-class Starfighter,3,40 MGLT,400 km/h,5,40 T,450 m³,10 m,1.00,50 kg,1 m³,1,['Superiority'],,2,,15,20,10,20,1,0,"60,160 CR",6,20 XP,150,['No affiliations'],Fighters,,,,,,,1,
208,Mankvim-814 Light Interceptor,0,80 MGLT,800 km/h,7,20 T,195 m³,11 m,1.00,1 T,0.5 m³,1,['Superiority'],,2,,20,35,30,25,3,0,"49,174 CR",6,20 XP,150,['Rare'],Fighters,,,,,,,,
209,Miy`Til-class Starfighter,0,70 MGLT,700 km/h,6,37 T,625 m³,15 m,1.00,10 kg,0.02 m³,1,['Superiority'],,2,,60,60,30,20,1,0,"56,734 CR",6,20 XP,150,['Hapes Consortium'],Fighters,,,,,,,1,
210,N-1 Starfighter,4,40 MGLT,400 km/h,5,22 T,400 m³,11 m,1.00,90 kg,1 m³,1,['Strike'],,2,2,40,20,10,25,1,0,"67,288 CR",6,20 XP,150,"['Tion Mil/Sci Industries', 'Endless Endeavors', 'Black Rock', 'Son-tuul Pride', 'The Mindabaal League', '-ARK-']",Fighters,,,,1.5 Slots,,,,
211,Pinook-class Starfighter,3,70 MGLT,700 km/h,6,37 T,700 m³,16 m,1.00,0 kg,0 m³,1,['Superiority'],,2,,40,15,10,20,1,0,"67,148 CR",6,20 XP,150,"['FreiTek Inc.', 'Jabiim Consortium']",Fighters,,,,1.5 Slots,,,,
212,R-41 Starchaser,0,60 MGLT,600 km/h,5,24 T,450 m³,15 m,1.00,200 kg,1 m³,1,['Strike'],,2,,60,25,15,25,1,0,"54,182 CR",6,20 XP,150,['Incom Corporation'],Fighters,,,,,2,,2,
213,Raptor-Wasp Starfighter,4,70 MGLT,700 km/h,4,35 T,400 m³,7 m,1.00,75 kg,0.075 m³,2,['Strike'],,,1,30,60,20,30,2,0,"92,653 CR",6,20 XP,150,['No affiliations'],Fighters,,,,,,,1,
214,Razor-class Starfighter,5,60 MGLT,600 km/h,5,45 T,550 m³,16 m,1.00,500 kg,2 m³,1,['Strike'],,2,,90,40,20,25,1,0,"107,807 CR",6,20 XP,150,['Tresario Star Kingdom'],Fighters,,,,,2,,2,
215,RZ-1 A-wing Interceptor,8,120 MGLT,"1,200 km/h",8,17 T,200 m³,6 m,1.00,75 kg,0.3 m³,1,['Superiority'],,2,,50,50,15,20,3,0,"106,989 CR",6,20 XP,150,['Rebel Alliance'],Fighters,,,,,,,2,
216,S-250 Chela-class Starfighter,4,55 MGLT,550 km/h,4,25 T,400 m³,14 m,1.00,20 kg,1 m³,1,['Superiority'],,2,,45,10,10,30,1,0,"60,406 CR",6,20 XP,150,['No affiliations'],Fighters,,,,,,,2,
217,Sabaoth Defender,5,50 MGLT,500 km/h,4,30 T,500 m³,12 m,1.00,0 kg,1 m³,1,['Superiority'],,4,,110,70,40,35,1,0,"106,335 CR",6,20 XP,150,['The Wraiths'],Fighters,,,,,,,2,
218,Scarab-class Droid Starfighter,0,40 MGLT,400 km/h,5,30 T,450 m³,12 m,1.00,85 kg,2 m³,1,['Superiority'],,4,,70,25,20,25,1,0,"49,666 CR",6,20 XP,150,['Trade Federation'],Fighters,,,,,,,,
219,Sith Starfighter,0,110 MGLT,"1,100 km/h",6,22 T,210 m³,7 m,1.00,1 T,1 m³,1,['Superiority'],,2,,20,0,8,20,1,0,"30,820 CR",6,20 XP,150,['No affiliations'],Fighters,,,,,,,,
220,Spirit-Class MSA1,5,80 MGLT,800 km/h,5,30 T,230 m³,5 m,1.00,30 kg,0.4 m³,1,['Auxiliary'],,,,40,15,15,20,6,0,"124,041 CR",6,20 XP,150,['No affiliations'],Fighters,,,[['None']],,,,,
221,Star Saber XC-01 Starfighter MkI,0,60 MGLT,600 km/h,6,40 T,400 m³,18 m,1.00,0 kg,2 m³,1,['Superiority'],,2,,80,20,15,20,1,0,"53,322 CR",6,20 XP,150,"['Koensayr Manufacturing', 'The SoroSuub Conglomerate', 'Sublight Products Corporation', 'Moore Industries', 'Confederacy of Independent Systems', 'The Invid Order', 'Outland Mining Corporation']",Fighters,,,,1.5 Slots,1,,,
222,Star Saber XC-01 Starfighter MkII,0,60 MGLT,600 km/h,6,42 T,420 m³,18 m,1.00,0 kg,2 m³,1,['Bomber'],,,2,95,30,20,20,1,0,"59,422 CR",6,20 XP,150,"['Koensayr Manufacturing', 'Sublight Products Corporation', 'NovaStar Industries', 'The SoroSuub Conglomerate', 'Confederacy of Independent Systems', 'Eidola Pirates', 'Triumvirate Coalition', 'The Mindabaal League', 'TIEFE', 'Zann Consortium', 'The Faerytail Family', 'Outland Mining Corporation', 'The Invid Order']",Fighters,,,,1.5 Slots,,,,
223,T-65 X-wing Starfighter,6,70 MGLT,700 km/h,5,35 T,600 m³,15 m,1.00,70 kg,2 m³,1,['Strike'],,4,2,70,30,20,25,1,0,"111,854 CR",6,20 XP,150,['Rebel Alliance'],Fighters,,,,,,,,
224,T-wing Interceptor,4,80 MGLT,800 km/h,6,22 T,425 m³,10 m,1.00,2 T,1 m³,1,['Superiority'],,2,,60,30,15,25,1,0,"72,285 CR",6,20 XP,150,"['Falleen Federation', 'The Resistance', 'Rogue Squadron', 'Centrepoint Space Station']",Fighters,,,,1.5 Slots,,,,
225,TIE-wing Ugly,0,50 MGLT,500 km/h,6,15 T,300 m³,13 m,1.00,75 kg,0.3 m³,1,['Superiority'],,2,,30,0,8,12,1,0,"29,909 CR",6,20 XP,150,"['All Mining factions', 'Endara Mining Corporation', 'XXX MINERS', 'MandalMining', 'Czerka Mining and Industrial', 'Phoenix Salvage', 'D`Este Realty', 'Maelstrom Industrial Salvage', 'Imperial Mining Corporation', 'The Pentastar Alignment', 'Kerdos Company', 'Choruk Metalworks', 'InterGalactic Banking Clan', 'Trilon Mining', 'Hydra Deconstruction', 'Kolohe Mining Group MK2', 'BlueFire Mining', 'Sanctuary Prime', 'Stellar Sphere', 'Outer Rim Exploratory Mining Corps', 'Port Nowhere', 'Black Hawk Mining']",Fighters,,,,,,,,
226,TIE/in Interceptor,0,100 MGLT,"1,000 km/h",8,17 T,200 m³,6 m,1.00,75 kg,0.3 m³,1,['Superiority'],,4,,75,0,15,25,1,0,"48,754 CR",6,20 XP,150,['Galactic Empire'],Fighters,,,,,,,,
227,TIE/ln Starfighter,0,80 MGLT,800 km/h,7,15 T,300 m³,6 m,1.00,75 kg,0.3 m³,1,['Superiority'],,2,,40,0,10,20,1,0,"33,648 CR",6,20 XP,150,['Galactic Empire'],Fighters,,,,,,,,
228,TIE/sa Bomber,0,60 MGLT,600 km/h,4,25 T,335 m³,7 m,1.00,2 T,17 m³,1,['Bomber'],,2,4,100,0,15,30,1,0,"68,258 CR",6,20 XP,150,['Galactic Empire'],Fighters,,,,,,,,
229,TIE/sr Starfighter,5,60 MGLT,600 km/h,6,17 T,850 m³,24 m,1.00,500 kg,3 m³,2,['Superiority'],,4,,50,0,25,25,8,0,"127,219 CR",6,20 XP,150,['Galactic Empire'],Fighters,,,,,,,,
230,Toscan 8-Q Starfighter,3,40 MGLT,400 km/h,5,38 T,470 m³,10 m,1.00,100 kg,4 m³,1,['Strike'],,2,,100,25,35,25,1,0,"89,777 CR",6,20 XP,150,"['Mecrosa', 'Stryker Military Services', 'Galentro Heavy Works', 'Jawa Outer Colonies', 'Chir’dorna', 'Endless Endeavors', 'Dukha Industrial', 'AMC-ITECH', 'Tapani Starship Cooperative', 'Eclipse Defense Systems', 'Skyglow Engineering', 'Hoersch-Kessel Drive Inc.', 'Confederacy of Independent Systems', 'Eidola Pirates', 'Triumvirate Coalition', 'Son-tuul Pride', 'The Resistance', 'The Mindabaal League', 'Tion Hegemony', 'TIEFE', 'Merr-Sonn Technologies', '-ARK-', 'Blue Sabre Federation', 'Trade Federation', 'Mando`ade', 'Blue Star Dominion', 'KorosTech', 'Centrepoint Space Station', 'Tenloss Syndicate', 'The Ashla Covenant', 'Sienar Technologies', 'The SoroSuub Conglomerate']",Fighters,,,,1.5 Slots,2,,2,
231,V-19 Torrent Starfighter,3,60 MGLT,600 km/h,4,40 T,500 m³,6 m,1.00,200 kg,1 m³,1,['Superiority'],,2,,50,30,20,30,1,0,"82,338 CR",6,20 XP,150,['No affiliations'],Fighters,,,,,,,2,
232,VCX-Series Auxiliary Fighter,0,60 MGLT,600 km/h,6,15 T,150 m³,10 m,0.50,2 T,15 m³,2,['Auxiliary'],,1,,15,10,10,15,1,0,"29,894 CR",6,20 XP,150,['Rare'],Fighters,,,,,,,,
233,Viper-class Starfighter,0,60 MGLT,600 km/h,6,25 T,330 m³,13 m,1.00,20 kg,0.03 m³,1,['Strike'],,2,2,40,20,20,20,1,0,"47,094 CR",6,20 XP,150,['Black Sun'],Fighters,,,,,1,,,
234,Vulture-class Droid Starfighter,0,60 MGLT,600 km/h,5,12 T,250 m³,10 m,0.50,,,,['Superiority'],,2,,30,0,15,12,1,0,"33,442 CR",6,20 XP,150,"['Cantrell Conglomerate', 'AMC-ITECH', 'Babel', 'Galentro Heavy Works', 'Confederacy of Independent Systems', 'The Resistance', 'TIEFE', 'Black Sun', 'KorosTech']",Fighters,,,,1.5 Slots,,,,
235,X-ceptor Ugly,3,40 MGLT,400 km/h,6,30 T,500 m³,15 m,1.00,70 kg,0.5 m³,1,['Superiority'],,4,,75,20,1,15,1,0,"73,202 CR",6,20 XP,150,"['All Mining factions', 'Endara Mining Corporation', 'XXX MINERS', 'MandalMining', 'Czerka Mining and Industrial', 'Phoenix Salvage', 'D`Este Realty', 'Maelstrom Industrial Salvage', 'Imperial Mining Corporation', 'The Pentastar Alignment', 'Kerdos Company', 'Choruk Metalworks', 'InterGalactic Banking Clan', 'Trilon Mining', 'Hydra Deconstruction', 'Kolohe Mining Group MK2', 'BlueFire Mining', 'Sanctuary Prime', 'Stellar Sphere', 'Outer Rim Exploratory Mining Corps', 'Port Nowhere', 'Black Hawk Mining']",Fighters,,,,,,,,
236,Y-TIE Ugly,3,30 MGLT,300 km/h,5,30 T,500 m³,15 m,1.00,20 kg,1 m³,2,['Superiority'],,2,,30,10,1,18,1,0,"64,076 CR",6,20 XP,150,"['All Mining factions', 'Endara Mining Corporation', 'XXX MINERS', 'MandalMining', 'Czerka Mining and Industrial', 'Phoenix Salvage', 'D`Este Realty', 'Maelstrom Industrial Salvage', 'Imperial Mining Corporation', 'The Pentastar Alignment', 'Kerdos Company', 'Choruk Metalworks', 'InterGalactic Banking Clan', 'Trilon Mining', 'Hydra Deconstruction', 'Kolohe Mining Group MK2', 'BlueFire Mining', 'Sanctuary Prime', 'Stellar Sphere', 'Outer Rim Exploratory Mining Corps', 'Port Nowhere', 'Black Hawk Mining']",Fighters,,,,,,,,
237,Z-95 Headhunter,0,50 MGLT,500 km/h,5,23 T,450 m³,12 m,1.00,500 kg,1 m³,1,['Strike'],,2,2,50,20,10,20,1,0,"47,335 CR",6,20 XP,150,['FreiTek Inc.'],Fighters,,,,,,,,
238,Zenuas 33,4,80 MGLT,800 km/h,4,15 T,450 m³,10 m,1.00,75 kg,1 m³,1,['Superiority'],,1,,25,15,10,20,1,0,"55,630 CR",6,20 XP,150,['No affiliations'],Fighters,,,,,,,,
239,Zero-G Spacetrooper Armor Mark I,0,10 MGLT,100 km/h,7,25 kg,3 m³,2 m,1.00,0 kg,0 m³,1,['Auxiliary'],,1,,10,0,5,10,1,0,"16,868 CR",6,20 XP,150,['Galactic Empire'],Fighters,,,,,,,1,
